<?xml version="1.0" encoding="UTF-8" standalone="yes"?>
<addon id="repository.tutorial" name="Tutorial Repository" version="1.0.0" provider-name="Tutorial">
    <extension point="xbmc.addon.repository" name="Malchus Tv Repository">
        <info compressed="false">http://www.skymashi.eu/_repo/addons.xml</info>
        <checksum>http://www.skymashi.eu/_repo/addons.xml.md5</checksum>
        <datadir zip="true">http://www.skymashi.eu/_repo/</datadir>
    </extension>
    <extension point="xbmc.addon.metadata">
        <summary>Install all of Tutorial ADD ONS</summary>
        <description>Bla Bla Bla...</description>
        <platform>all</platform>
    </extension>
</addon>